Content,Video title,Video publish time,Duration,Views,Watch time (hours),Average view duration,Unique viewers
Total,,,,87740116,4659789.8381,0:03:11,0
hOf7m31ZvgQ,SUGARCANE - Leonora (Official Lyric Video),"Mar 30, 2023",235,35877050,1951894.214,0:03:15,
e_my_QCalLI,SUGARCANE - Leonora (Official Music Video),"Apr 14, 2023",298,13761633,787386.0495,0:03:25,
_pOmGWTmuek,Leonora,"Mar 30, 2023",235,6688982,322348.4027,0:02:53,
GsU4LYHeoUU,"SUGARCANE - Paalam, Leonora (Official Lyric Visualizer)","Apr 27, 2023",264,2925940,159165.4948,0:03:15,
gsYQX9lDkBw,SUGARCANE - Kung Maging Akin Ka (Official Lyric Video),"Feb 13, 2021",254,2840751,165104.4464,0:03:29,
JmwJUB5TEbo,SUGARCANE - Leonora (Lyrics),"Dec 13, 2023",232,2694245,139064.1125,0:03:05,
Rw8x2trAZZ0,SUGARCANE - Dalangin (Official Lyrics & Chords),"Jul 31, 2021",343,2129672,151523.9733,0:04:16,
EBqRQKbJA9g,"SUGARCANE, JC Herrero - Paruparo (Official Lyrics & Chords)","Jul 7, 2022",297,1557209,96888.2669,0:03:43,
zUI2DdV2anI,Kung Maging Akin Ka,"Mar 10, 2022",254,1528140,78035.7015,0:03:03,
xQDZ4SjYVkk,SUGARCANE - Gunita (Official Lyric Video),"Jul 5, 2020",332,1514905,105312.601,0:04:10,
KFG4be-m_LU,"Paalam, Leonora","Apr 27, 2023",260,1309506,66336.8344,0:03:02,
_GdOhSZNlMU,Paruparo,"Jul 7, 2022",297,1105306,63202.7909,0:03:25,
vkHm5QbiocA,SUGARCANE - Tanging Ikaw (Official Lyric Visualizer),"Jan 30, 2025",183,1018337,32191.6316,0:01:53,
MrDnh6CACCk,"SUGARCANE, JC Herrero - Paruparo (Official Music Video)","Jul 16, 2022",304,924350,44585.1534,0:02:53,
YkKJclV7viE,Dalangin,"Mar 10, 2022",342,849200,54786.1884,0:03:52,
fZOMwXxQmqs,SUGARCANE - Maria Clara (Official Lyric Video),"Mar 7, 2024",274,632036,34618.552,0:03:17,
k6KDDSfzNlY,SUGARCANE - Gabi (Official Lyric Video),"Feb 1, 2020",226,568726,24929.4847,0:02:37,
rehKbRxoxTo,SUGARCANE - Maria Clara (Official Music Video),"Mar 22, 2024",278,563606,26838.9678,0:02:51,
keG9p9k3Ff8,SUGARCANE - Leonora (Official Instrumental/Karaoke),"Apr 22, 2023",231,515592,17422.1564,0:02:01,
BUxdzinLdLM,"SUGARCANE, Angelica Gantang - Sinehan (Official Music Video)","Sep 24, 2023",217,506023,17830.4413,0:02:06,
Ni8gOu4a7Yg,Leonora,"Apr 27, 2023",235,471271,21686.883,0:02:45,
akq03K3qGPQ,Leonora (Lyrics) - Sugarcane,"Jul 24, 2023",232,434248,20366.7672,0:02:48,
ipnJvVYChjI,Gunita,"Mar 10, 2022",329,399457,25600.2608,0:03:50,
-57OVjteEQw,Maria Clara,"Mar 7, 2024",274,394532,19498.2513,0:02:57,
0OxubinizpE,Sugarcane - Leonora - We Play Here Live,"Jun 9, 2023",250,318684,17325.2907,0:03:15,
QJwvcxLo82w,Tanging Ikaw,"Jan 30, 2025",177,315794,10894.92,0:02:04,
AjgbJeYUEhU,SUGARCANE - Bituin (Official Lyric Video),"Jul 25, 2019",199,296128,12921.106,0:02:37,
GP3nyBDsQaI,Leonora   Sugarcane (Lyrics),"Aug 4, 2023",233,287609,13884.9576,0:02:53,
5HLxd7bUmAc,Paruparo DA YT,,16,248427,1028.6084,0:00:14,
AQF2wFy8cVc,SUGARCANE - Leonora (Official Guitar Chords),"Apr 20, 2023",237,210873,6037.8536,0:01:43,
2QMGl988H1s,Leonora - Sugarcane (karaoke version),"Aug 1, 2023",239,206056,8302.744,0:02:25,
a3J1bDtNyU8,SUGARCANE - Reside [ft. Angel] (Official Lyric Video),"Dec 20, 2020",279,191031,10979.7002,0:03:26,
GxcI0T4-hi8,Lagi Na Lang,"Nov 7, 2024",250,180336,8687.4399,0:02:53,
CS7q0VYV07s,Bituin,"Mar 10, 2022",200,176822,6914.1293,0:02:20,
ft-igC9DZR4,Leonora YT Dark Ads,,16,175319,726.1724,0:00:14,
MJPyA1rAqPc,LOOK HOW GENTLE ANDRES WHEN IT COMES TO HIS GIRLFRIEND ü§≠üëÄ#ashdres,"Apr 27, 2025",29,170621,597.1104,0:00:22,
EQxz6zL9RFI,SUGARCANE - Leonora (Official Flute Notes),"Apr 30, 2023",231,170330,5272.9684,0:01:51,
O-JAsd-bbpk,Sinehan,"Sep 21, 2023",198,162894,6335.9323,0:02:20,
qr0328PpRGQ,Set You Free,"Nov 23, 2023",278,153671,8548.1543,0:03:20,
Ej63qEIRnpU,SUGARCANE - Lagi Na Lang (Official Lyric Visualizer),"Nov 7, 2024",250,150874,8014.3548,0:03:11,
xnCMG6TMnNQ,Gabi,"Mar 10, 2022",226,146610,6395.9113,0:02:37,
2AB-Jmon_mQ,"SUGARCANE, Angelica Gantang - Sinehan (Official Lyric Video)","Sep 21, 2023",197,144248,6569.649,0:02:43,
i-cNT3faArE,Aking Maria Clara (feat. jikamarie),"May 23, 2024",255,139737,6575.9087,0:02:49,
Mlx4aXDEXBg,SUGARCANE- LEONORA (LYRICS),"Oct 2, 2023",230,100716,4662.0491,0:02:46,
02VmufsqSck,Reside,"Mar 10, 2022",279,90081,4827.2714,0:03:12,
2gztejvb-YQ,SUGARCANE - Set You Free (Official Audio),"Nov 23, 2023",278,85866,5050.1926,0:03:31,
0aHejc51-cU,I LOVE THIS OFF CAM MOMENTS OF ASHDRESü§≠ü´∂üëÄTHEY ARE SO NATURAL AND REAL‚ÄºÔ∏è#ashdres,"Apr 6, 2025",36,78690,298.3971,0:00:23,
SPe1-l05MlE,Gunita - Sugarcane (lyrics) | MALyrics,"Sep 18, 2021",330,77054,4474.504,0:03:29,
NQBRpBlCzvE,SUGARCANE feat. Jikamarie - Aking Maria Clara (Official Lyric Visualizer),"May 23, 2024",251,69819,3120.5617,0:02:40,
9E7W7HyCllQ,Pagbigyan,"Jul 25, 2024",285,69328,3802.4008,0:03:17,
NvLyyyuB8Yc,Sugarcane - Pagbigyan (Official Music Video),"Jul 26, 2024",290,67318,3288.5505,0:02:55,
1cnvopHH5vo,"SUGARCANE - Paalam, Leonora (Official Guitar Chords)","Jun 23, 2023",260,64066,2257.3057,0:02:06,
5sDcsv9PzBk,Leonora - Sugarcane (Lyrics) #leonora #lyrics #sugarcane  #opm,"Jul 16, 2023",230,61946,3038.0111,0:02:56,
WBKEoCpr33o,SUGARCANE - Paruparo (Official Instrumental/Karaoke),"Jul 23, 2022",297,60452,2367.9261,0:02:21,
ian-_SiH3-o,FranSeth super comfy na talaga sa isa't isa üíô Francine Diaz | Seth Fedelin,"Oct 3, 2023",16,55299,272.2166,0:00:18,
mu9D2TJG7C8,SUGARCANE - Dalangin (Official Instrumental/Karaoke),"Aug 1, 2021",342,54703,1866.9337,0:02:02,
_PnBjv7uv3s,SUGARCANE - Kung Maging Akin Ka (Official Instrumental/Karaoke),"Jul 30, 2021",254,49787,1924.3761,0:02:19,
8ypKTFiLoXY,SUGARCANE/LEONORA,"Aug 28, 2023",232,46426,2091.9817,0:02:42,
HrlouUIBk2M,SUGARCANE - Leonora (starring Klay and Fidel of Maria Clara at Ibarra) FMV,"Jun 24, 2023",240,43319,1743.2503,0:02:24,
bOfg_TvuqqY,Leonora (Live at The Cozy Cove) https://youtu.be/bgGNtj2ubcM,"Jun 22, 2023",58,41967,412.9517,0:00:36,
5Jp6BaWEYD8,Sugarcane - Pagbigyan (Official Lyric Video),"Sep 7, 2024",285,33632,1862.4345,0:03:19,
41B8yFFn3pY,MY FOREVER LANGGA ü•∞,"Mar 20, 2025",4,30518,136.0007,0:00:22,
8KRTmSyW0sI,Paruparo (lyrics) Sugarcane & JC Herrero,"Nov 26, 2022",302,30274,1698.8122,0:03:22,
zEipacYBckY,"Paalam, Leonora | Sugarcane (Lyrics)","Jul 20, 2023",266,30260,1572.3589,0:03:07,
5yzQnL0cDk0,SUGARCANE - Gunita (Official Instrumental/Karaoke),"Jul 25, 2020",329,29359,1233.8244,0:02:31,
LAo4KBYreu4,Kung maging akin ka (lyrics) - Sugarcane,"Dec 11, 2022",255,29026,1414.2437,0:02:55,
uT7VxKrKTi0,SUGARCANE - Paruparo (Official Guitar Chords),"Jul 20, 2022",299,26979,1240.2226,0:02:45,
gYj6SadNK8Y,SUGARCANE - Leonora (Lead Guitar Playthrough),"May 3, 2023",42,25696,219.2709,0:00:30,
NALK8z36zYg,Maria Clara At Ibarra - Leonora | Clarisostomo FMV,"Jul 3, 2023",223,25258,728.3057,0:01:43,
NrYdEJbfBGI,"Happy 1st anniversary, langga ü•∞","Mar 12, 2025",5,24904,84.1011,0:00:12,
lUIQWNk_djg,Uhaw - Dilaw #fypmusic #dilaw #uhaw #uhawtayonglahat,"Mar 13, 2023",61,24261,251.2039,0:00:37,
_67ogpekd-4,Leonora (MV) | Official Trailer | 04-14-23 | 8PM,"Apr 12, 2023",16,24175,77.506,0:00:11,
SdwZbxVGteY,Leonora (Lyrics) | By: Sugarcane,"Dec 21, 2023",235,23538,1075.5919,0:02:44,
vY9G3NbEyLU,#song #leonora #musica,"Jun 9, 2023",61,21552,261.0241,0:00:49,
WsMMBL_vxhk,Tanging Ikaw - Sugarcane [LYRICS],"Feb 14, 2025",184,18772,717.1351,0:02:17,
k8_mP5Amjgc,DAMING PAGSUBOK PERO NANATILING MATATAG PARIN ü•∞,"Mar 13, 2025",10,18555,97.4497,0:00:19,
 -t2aDu8oExI,Sugarcane - Pagbigyan (Official Audio),"Jul 25, 2024",285,17728,946.4065,0:03:12,
tm7fRlt0jt8,SUGARCANE - Maria Clara (Official Instrumental/Karaoke),"May 10, 2024",275,17641,443.1546,0:01:30,
HgYJOkwiFRQ,Horses in Kalesa üáµüá≠ #travel #kabayo #kalesa #manila #philippines #fyp #fyp„Ç∑ #trees,"Sep 17, 2023",16,17239,57.2322,0:00:16,
vgwU-nIBQaQ,Sugarcane - Pagbigyan feat. Gian of Cup of Joe (Live at We Play Here UP),"Nov 7, 2024",335,17223,1093.774,0:03:48,
u5gecXDsigg,SUGARCANE - Leonora (Keyboard Playthrough),"May 20, 2023",149,17110,268.7714,0:00:56,
iCwRkxNURP4,Leonora by Sugarcane,"Dec 18, 2023",235,16703,751.9094,0:02:42,
 -EOOEaKRudw,Sugarcane - Leonora (Lyric Video),"Jul 29, 2023",235,15176,707.0042,0:02:47,
JGck6s0PLP8,Gabi,"Jan 27, 2020",226,15092,678.9918,0:02:41,
qHUOfwmStII,DALANGIN || Sugarcane (Lyrics),"Jul 5, 2023",343,14997,770.6045,0:03:04,
JOZI6Hjbo7Y,Leonora by Sugarcane | Eb Alto Saxophone Sheet Music | Arranged by Ranz Bautista,"Aug 31, 2023",238,14620,461.1629,0:01:53,
E_VtfIWJPoo,Sugarcane - Set You Free (Warner 30th),"Nov 27, 2023",278,14528,825.6518,0:03:24,
DY6Gs6xkxgs,ASHDRES SPOTTED TODAYüò±üôàüëÄü§≠ #ashdres,"Apr 28, 2025",22,14195,38.7329,0:00:13,
 -NQ1r7KQ04c,leonora - sugarcane // slowed & reverb,"Aug 19, 2023",277,14015,760.6542,0:03:15,
ewakdo_NcXo,Leonora - Sugarcane (Lyrics),"Aug 15, 2023",233,13652,647.3689,0:02:50,
PafWH2lNXmM,LEONORA | SUGARCANE (LYRICS) Ang Dating Tamis ng Pagsasama Nasan na?,"Jul 19, 2023",239,13562,614.05,0:02:42,
lpSkJrNR4BY,Dalangin (lyrics) - Sugarcane,"Dec 3, 2022",343,13014,749.0974,0:03:27,
zVSZpoDnXVo,SUGARCANE - Gabi (Official Instrumental/Karaoke),"Mar 1, 2020",228,12900,368.562,0:01:42,
5QMcl3nktj4,Bituin (Live) | from UP Fair: Cosmic Clash 2021 (Stand with Farmers),"Feb 11, 2021",204,12603,449.6522,0:02:08,
4e6Qqx7aQQ4,SUGARCANE - Maria Clara (Official Music Video - BTS),"Apr 13, 2024",129,12580,159.8954,0:00:45,
HxwXU6WTUDQ,Leonora üî• #shorts #leonora #davecarlos,"Sep 8, 2023",46,12487,82.7981,0:00:25,
zvfZF0YLObg,First ever #dustbia moment(Relapse)#pbbcollab #youtubeshorts #trending #shortvideo #video#viralvideo,"May 24, 2025",13,12439,28.5108,0:00:18,
xcWC_TIm_ms,SUGARCANE - leonora (lyrics),"Dec 30, 2023",223,12218,502.2205,0:02:27,
ESqBzVZc8rk,Leonora flute coverüéß SUGARCANE Instrumental: https://youtu.be/keG9p9k3Ff8?si=l6a6hFIkXnJSaj0J,"Jul 10, 2024",229,12183,349.252,0:01:43,
2wI4PVr_xE8,Kung Maging Akin Ka - Sugarcane (Guitar Cover),"Feb 15, 2021",251,12036,480.7442,0:02:23,
0-I8wry1dyA,SUGARCANE - Kung Maging Akin Ka [Lyrics],"Jan 31, 2023",254,12016,581.4118,0:02:54,
di6fRrTF0Is,Leonora - Sugarcane (A cover),"Oct 7, 2023",235,11226,381.5255,0:02:02,
oTr3uOMrZQo,SUGARCANE - Paruparo (Official Lead Guitar Tabs),"Aug 1, 2022",299,11045,293.5461,0:01:35,
zkINZkApD24,SUGARCANE - Rainbow | ¬© South Border,"Oct 18, 2021",311,10907,326.0877,0:01:47,
5rJkF6S8HsU,kung maging akin ka // sugarcane üéµ ( slowed + reverb ),"Feb 18, 2021",309,10598,600.4525,0:03:23,
TuicCKwBZSQ,my loveeeüíõüíõ #runcavmanagement @runcavmanagement5845 @rhajalanelabuanan9816,"Jan 14, 2024",17,10566,22.6673,0:00:07,
Zgq88-A0tuk,Sugarcane - Leonora ( Lyrics ),"Jul 24, 2023",229,10228,462.5334,0:02:42,
orQyVLrwweg,Sugarcane - Leonora (Lyrics),"Jul 20, 2023",237,10060,471.5845,0:02:48,
hMS4Z6Z1wAo,Sugarcane - Kwentong Sinehan Ft. Francine Diaz,"Oct 10, 2023",452,10049,416.5151,0:02:29,
fTA4-h8c0Qk,SUGARCANE - Sinehan (Official Instrumental/Karaoke),"Oct 7, 2023",200,9705,269.6487,0:01:40,
CRsgJrc-6eg,SUGARCANE - Reside [ft. Angel] (Official Instrumental/Karaoke),"Feb 10, 2021",279,9019,267.35,0:01:46,
sSIhh7O4yOc,Leonora - SUGARCANE | YUHI COVER,"Jul 18, 2023",231,8974,309.4182,0:02:04,
Ej98wrvtGIs,üî•üî• #milmi,"May 25, 2024",10,8912,27.242,0:00:12,
5NasKMAsRGs,Leonora (Unofficial) Music Video - School Project,"Dec 18, 2023",241,8905,202.0383,0:01:21,
saae8_uzfho,Bituin - Sugarcane (Lyric Video),"Aug 27, 2022",199,8816,247.2231,0:01:40,
xCvmrcDSqqI,SUGARCANE - Bituin (Official Instrumental/Karaoke),"Mar 14, 2020",199,8572,218.5834,0:01:31,
ikUEtz1B8uI,Gunita (Live) | from Project I-Give: An FB Live Event for COVID-19 Efforts,"Jul 11, 2020",360,8401,478.919,0:03:25,
cttHl_y5_f0,Rochelle first anniversary nila #shortvideos #love #teamrochelle,"Mar 27, 2025",7,8383,28.1209,0:00:13,
Sm9z_ylc6Uw,163rd Birth of Jose Rizal,"Jun 19, 2024",46,8371,33.3129,0:00:15,
vT_RjNVrWBg,SUGARCANE - Kung Maging Akin Ka (Lyrics) || Wala nang hahanapin pang iba,"Feb 28, 2021",256,8331,394.6536,0:02:50,
JklwPguCg6M,Leonora lyrics By Sugarcane,"Jul 10, 2023",228,8325,381.6533,0:02:45,
SjhEjKUflOI,BUHAY NG MAGISA! üò¢ #viralvideo #viralshort #virelvideo,"Feb 18, 2025",5,8145,28.2374,0:00:12,
_3LGqHhI0pM,Leonora - Sugarcane (Lyrics),"Aug 8, 2023",235,7885,360.2907,0:02:44,
CJz11QmVzIE,Gunita (lyrics) - Sugarcane,"Nov 27, 2022",334,7574,454.8944,0:03:36,
SudnpqFwtT8,SUGARCANE || LEONORA || Lyrics Video,"Jul 25, 2023",233,7213,279.7704,0:02:19,
p36OA968Z9M,Ang pagbabalik ng SUGARCANE sa Youtube Shorts,"Sep 10, 2023",31,7125,38.6101,0:00:19,
RL1KUyJVJRc,|| Leonora - sped up || w/ Lyrics || (Read Desc.) ||,"Jun 20, 2023",194,7003,293.2558,0:02:30,
9yvoFkiSfiI,Gunita,"Jul 3, 2020",329,6972,431.901,0:03:43,
Zbmd0G4Rvv0,"Hi Donny and Belle, ingat sa taping lagi #DonBelle #DonnyPangilinan  #BelleMariano #cantbuymelove","Oct 6, 2023",10,6494,28.6054,0:00:15,
UXDEWdrxkT0,Sugarcane - Set You Free (Lyrics),"Nov 25, 2023",278,6444,361.6891,0:03:22,
y-oFGpW0lGo,Oo - UDD | Garden Sessions,"May 17, 2023",61,6411,44.4115,0:00:25,
m9qzgJqoQOE,MIKHAIAH BLOOPERS #mikhaiah #binimikha #biniaiah #bini,"Jun 10, 2024",61,6139,48.9837,0:00:29,
OEhfXE359To,Leonora Solo | Sugarcane #shorts,"May 13, 2023",44,6120,36.387,0:00:22,
hmR2BC8ciaA,SUGARCANE - Tanging Ikaw (Harana Ver.),"Jul 3, 2025",181,6025,202.7555,0:02:01,
g1cFcSarLRA,Leonora/Sugarcane,"Jun 20, 2023",39,5902,32.8315,0:00:22,
0pRM_6iD5kw,NIREGALUHAN AKOüòç #viralvideo,"Mar 25, 2025",6,5879,19.0969,0:00:12,
Fxyaqk9E_RE,SUGARCANE - Sinehan (Flute Playthrough),"Nov 11, 2023",75,5753,41.7479,0:00:26,
6ANXCyWg8gY,Sugarcane | Gabi | Lyrics,"Mar 17, 2020",238,5752,212.3804,0:02:12,
UJeZWvtjB-A,Leonora (Sugarcane) - Saxophone Cover,"Aug 25, 2023",242,5540,135.547,0:01:28,
vyaYwQYntNM,SUGARCANE - Maria Clara (Guitar Playthrough),"Apr 5, 2024",274,5084,114.8864,0:01:21,
n9IAmwUkeuc,ITO ANG KATAS NG AKING TANIMANüòç #VIRALVIDEO #viralshort #viralreels,"Mar 8, 2025",6,4886,16.4908,0:00:12,
lzycDgyWj2U,SUGARCANE - Sinehan (Acoustic Guitar Playthrough),"Oct 29, 2023",135,4834,101.2755,0:01:15,
1erZWwtUezY,ANDREA BRILLANTES gorgeously pretty!üíñ#andreabrillantes #andrea #blythe #viral #trending #fyp,"May 12, 2025",7,4678,6.6705,0:00:13,
XC1zekZvJu8,bituin - sugarcane (slowed+reverb),"Aug 15, 2020",227,4633,161.7036,0:02:05,
OPSZXVlfDk4,Leonora - SUGARCANE (Cover by Dennis Licup),"Apr 30, 2023",251,4613,119.3704,0:01:33,
79rc7OQVjjE,LEONORA- Sugarcane (lyrics),"Oct 1, 2023",235,4452,159.2184,0:02:08,
98KhJjr1zSI,Yow and Tyang Venice # #teampayaman,"Jul 10, 2024",57,4444,33.7576,0:00:33,
lN-FoVNuV0I,SUGARCANE - Sinehan (Piano Playthrough),"Oct 15, 2023",176,4335,89.5177,0:01:14,
BfOui_0s2Eg,Francine Diaz MV Sugarcane Sinehan üé¶üòç #fractured #franseth #abscbn #dirtylinen #trending #viral,"Sep 22, 2023",17,4333,19.8954,0:00:16,
5wHB2p5wUDM,Leonora - SUGARCANE üòçüíñ #shorts #leonora #sugarcane #opmcover  #shortscoversong #shortscover #opm,"May 1, 2023",40,4281,18.071,0:00:15,
VCZePIivnbQ,Happy Valentines Day!,"Feb 13, 2025",61,4273,7.9327,0:00:15,
TjUT9uL0Ixo,#henryviii #catherineofaragon #thetudors #edit #leonora #sugarcane #tudors #tudoredit #capcut,"Jan 5, 2025",61,4154,40.6065,0:00:36,
hi0czWpgoY4,(SugarCane) Leonora Backing track Guitar extracted,"Aug 6, 2023",235,4069,197.8321,0:02:55,
X_ZBlcCMF8I,HAPPY BIRTHDAY KALINGAP EDU. WE LOVE YOU EDCY ‚ù§Ô∏è,"Feb 7, 2025",16,3836,14.2956,0:00:19,
Kxt1HfT3H2w,Leonora by @thesugarcaneph #live #music #opmsong #leonora #cover #opmsong,"Jul 18, 2023",61,3812,27.8979,0:00:28,
Tj2Q4ENdaGM,Rob Deniel - Ang Pag-ibig #gardensessions #opm #fypmusic,"Apr 22, 2023",61,3808,39.5565,0:00:37,
hT3NbsHW8Pk,SUGARCANE - Set You Free (Official Instrumental/Karaoke),"Feb 10, 2024",277,3806,121.3367,0:01:54,
q8Z77lqSiw8,Leonora by sugarcane bass cover/TABS #leonora #sugarcane #leonorabasscovertabs,"Dec 31, 2023",269,3794,198.5802,0:03:08,
aDL9y1dggZo,LEONORA by Sugarcane | Bandurria Cover by Eben,"Nov 5, 2023",232,3778,80.3738,0:01:16,
O4s64rJGMHM,[SONG COVER] SUGARCANE - LEONORA,"Apr 29, 2023",229,3763,95.0952,0:01:30,
YyJX1QO_vf8,happy celebration Rochelle #shortvideos #love #teamrochelle,"Mar 14, 2025",19,3676,26.065,0:00:26,
JQqisD1suzA,Leonora MV - BSIT1A,"Jun 9, 2023",279,3625,76.128,0:01:15,
6Lg4_YYoi_8,Leonora,"Jul 25, 2023",31,3618,17.6637,0:00:18,
vsk-wCBjhmY,"Reside (Live) | from UP Political Society‚Äôs ‚ÄúDiwa ng Pasko: Handog sa Pilipino""","Dec 27, 2020",281,3526,109.5663,0:01:51,
LAHHj-sAFQY,Mekalem being Cute and Adorable at the same timeü§èü•π #binimikha,"Mar 21, 2025",34,3502,20.7771,0:00:22,
l5Rlvnye568,SUGARCANE - Maria Clara (MV Teaser),"Mar 21, 2024",18,3475,15.4456,0:00:16,
ak-xy7Vf6Ag,Sugarcane - Leonora (lyrics),"Aug 7, 2023",235,3436,159.0474,0:02:46,
hCWcY5f2fHk,"‚ÄúùêåùêÄùêëùêàùêÄ ùêÇùêãùêÄùêëùêÄ‚Äù ùêåùêîùêíùêàùêÇ ùêïùêàùêÉùêÑùêé, ùêéùêîùêì ùêçùêéùêñ! üíÉüèΩ youtu.be/rehKbRxoxTo","Mar 25, 2024",15,3367,12.101,0:00:13,
qFEUS_FiZMc,[Karaoke Version] Leonora - Sugarcane,"Oct 23, 2023",250,3346,95.2852,0:01:42,
i2przTopj-o,Bituin,"Jul 23, 2019",200,3336,137.6403,0:02:28,
s2HcyTz-WyM,Kayo lamang ang hiling na makasama,"Apr 17, 2024",53,3276,23.152,0:00:25,
fqVpq1OweWg,SUGARCANE feat. Jikamarie - Aking Maria Clara (Official Instrumental/Karaoke),"Jul 2, 2024",268,3182,43.5911,0:00:49,
yk3_cnXl1Wg,My Pretty Ate üëßüèªü•π #babiesofyoutube #myonlybabygirl,"Jun 11, 2023",18,3111,13.7333,0:00:15,
GH9h-_Mplfg,#runcavmanagement,"Oct 22, 2024",19,2988,11.7017,0:00:14,
ZwYwtpi79Ok,Group 2 - Leonora by SUGARCANE (Music Video),"Jun 26, 2023",271,2988,62.6118,0:01:15,
JZvoQgs65SE,SUGARCANE is going live!,"Sep 22, 2023",3586,2961,108.9062,0:02:12,
EwfBEX9HkX0,Maria Clara,"May 23, 2024",274,2917,165.9609,0:03:24,
4k_xaijjm7w,they are a familyüè†‚ù§Ô∏è #moslhong #mosbankworld #mosbank #ƒëamm·ªπ #shortvideo #m√™traiƒë·∫πp #mosbank,"Mar 8, 2024",42,2911,19.6789,0:00:24,
9QL1LkbFbUM,Refreshing Sugarcane Mojito to kick-start your summers & #BeatTheHeat! #youtubeshorts,"May 14, 2024",15,2910,11.5092,0:00:14,
Z3yoC_hqxfo,SUGARCANE is live!,"May 24, 2024",2635,2849,81.1947,0:01:42,
qdiCjYX4HYk,SUGARCANE - Sinehan (Lead Playthrough),"Feb 12, 2024",108,2664,29.4208,0:00:39,
_J2IE-zobg4,Begitu imut yang kamu Leonor senang kali Amran memiliki kamu,"Dec 2, 2024",15,2650,15.1317,0:00:21,
awLbbQxed4Q,‚Äú POV: YOU‚ÄôRE A PRINCESS ‚Äú #edit #foryou #views #trending #trendingshorts #lyrics #viral #follow ###,"Jan 3, 2024",37,2629,15.5086,0:00:21,
2paWnK2TWfs,"SUGARCANE, JC Herrero - Paruparo (Lyrics)","May 24, 2023",296,2606,114.2745,0:02:37,
IUtnxcLKt-k,Leonora - Sugarcane #edit #lyrics,"May 19, 2023",31,2551,15.5154,0:00:25,
5ApB6Fa3YQU,Tanging Ikaw (Harana),"Jul 3, 2025",181,2532,80.5633,0:01:54,
8ttDJfERKlM,SUGARCANE - Dalangin (Teaser),"Jul 30, 2021",27,2487,10.9626,0:00:15,
qYz_LeSevrI,SUGARCANE - Maria Clara (Flute Playthrough),"Apr 5, 2024",97,2452,29.8492,0:00:43,
EnlJ4hSFn3w,Leonora by: Sugarcane // Aniel Atenciana (cover),"Jun 19, 2023",211,2373,59.5349,0:01:30,
_xJNh1wwK9w,ang sakitüò≠ #90s #stefanomori #camilleprats #gimik,"Mar 10, 2024",22,2355,10.9317,0:00:16,
erIkO1RSn14,august cover page üíñ #bujo #bulletjournal #planwithme,"Aug 10, 2023",15,2353,10.4932,0:00:16,
pN0Po-88qIw,LEONORA by:SUGARCANE (Music Video),"May 4, 2023",234,2323,34.4574,0:00:53,
8u2oyQe-J8I,Janella Salvador is Binibining Carmela Isabella #JanellaSalvador #CarmelaIsabella #ILYS1892,"Jun 9, 2025",16,2319,5.3441,0:00:16,
WlfRHQyMpMw,Leonora Lyrics - SUGARCANE,"Nov 21, 2023",235,2304,70.0336,0:01:49,
2Pbbe4YT90w,Sugarcane - Kung Maging Akin Ka lyrics,"Feb 22, 2021",254,2274,94.7957,0:02:30,
3MI9YEos8as,[COVER] Leonora - Sugarcane,"Oct 25, 2023",231,2258,44.4147,0:01:10,
l91T-bLPMaM,Jose Rizz-al üòé,"Apr 5, 2023",61,2251,22.6233,0:00:36,
IokZ2xr1cq0,Gabi (Live) | from Puhon by Ben&Ben: An FB Live Event For The COVID-19 Efforts,"Apr 7, 2020",224,2222,66.5457,0:01:47,
HdC56cGYJBc,Leonora - SUGARCANE,"Apr 7, 2023",16,2215,9.2447,0:00:15,
1Pyj2p9OK8k,OUT NOW! https://youtu.be/BUxdzinLdLM?si=xcF3fdqgpx5Vs2R_,"Sep 24, 2023",29,2143,8.8974,0:00:15,
fQt5DC5v2Ug,Leonora Lyrics -  Sugarcane,"Jan 8, 2024",233,2129,75.2691,0:02:07,
ur9Yp-Q3Ltk,Tindera Serye| Mga tindera nyong walang pakialam sa mundo üòÖ #dramaseries,"Feb 10, 2024",39,2126,11.6933,0:00:19,
5ISkx2Oo6vU,Leonora Intro Flute Version ‚ú® Ep1 (?) #shorts #flute #tiktok #music,"Jan 30, 2025",16,2068,5.3507,0:00:13,
ylBS3sPg0yk,Kissing scene with Paolo Avelino #linlang #julianalualhati #kimchiu,"Nov 17, 2023",11,2051,6.4798,0:00:11,
fh0hwSNbNFc,Beautiful couple #DonBelle #starmagicalprom2024  #DonnyPangilinan  #BelleMariano,"Mar 16, 2024",17,2044,9.9432,0:00:18,
y7Z6Y3ml2Pw,"""Leonora"" is out now on Spotify and Apple Music ü´∂","Apr 13, 2023",26,2025,10.9437,0:00:19,
cceBf5h26R8,SUGARCANE - Tanging Ikaw (Lyrics),"Feb 18, 2025",183,2024,64.6872,0:01:55,
GhiXnePUIec,Mountea bantu PDKT kamu makin lancar!üòçüíö,"Feb 27, 2023",21,2015,9.0145,0:00:16,
FDXlrBMj6Ko,I can't handle this Sweetness ‚ô•Ô∏èüò≠ | The Fragrant Flower Blooms With Dignity | #wagurikaoruko #waguri,"Feb 20, 2025",18,2013,5.752,0:00:11,
Kxj_unUJA7U,JANELLA SALVADOR | I Love You Since 1892 #janellasalvador #kapamilyachannel #marnella #ilys1892,"Feb 29, 2024",28,1993,10.4648,0:00:20,
Vxbw_SQO4L4,Leonora-sugarcane typography edit,"Jul 30, 2023",22,1992,15.8859,0:00:32,
pjj7g0kUVnE,SUGARCANE - Maria Clara (Lead Guitar Playthrough),"Apr 5, 2024",84,1977,28.3575,0:00:51,
GSVKGfAJ84k,DALANGIN - Sugarcane(Lyrics),"Dec 15, 2022",340,1961,84.2782,0:02:34,
IARU1Mzn4g8,Padre Salvi | Alexei Jabez,"Jun 28, 2023",14,1941,6.0473,0:00:12,
SlQqiXE5aJg,SUGARCANE is live!,"Mar 8, 2024",1767,1921,51.4428,0:01:36,
A0yzwnuYgFk,Pano kaya kung may kanta si Jose Rizal para sa first love niya? #fyp #fyp„Ç∑ #fypmusic #leonora,"Apr 10, 2023",61,1908,22.605,0:00:42,
BFVf8lOryck,Leonora - Sugarcane | AM¬∞,"May 14, 2023",32,1892,13.9071,0:00:36,
2Gdl70is_Nk,Amazing Sugar Cane Juicer #sugarcane #garden #teracegarden,"May 2, 2025",60,1880,4.6095,0:00:19,
4-tklW56QdE,Gunita (Live) | from Mattaradday Ittam: A Fundraising Project for Typhoon Ulysses Victims in Cagayan,"Nov 28, 2020",338,1846,87.44,0:02:50,
ssrlBBdi8P0,Sugarcane - Leonora (Slowed + Reverb),"Aug 5, 2023",282,1840,69.7323,0:02:16,
lVa9La_j5FI,vday salubong üåπ happy valentines month,"Mar 3, 2025",36,1765,13.0255,0:00:32,
ey9LG_ZV5KQ,Leonora - Sugarcane (Lyrics),"Aug 14, 2023",235,1749,68.1559,0:02:20,
LS9i_egvi14,hak and dhak,"May 20, 2023",15,1716,6.7242,0:00:14,
YNhgbmZ5Cr0,Kung maging akin ka Sugarcane Bass cover with TABS #sugarcane  #kungmagingakinka,"Apr 29, 2024",271,1707,90.9957,0:03:11,
8PB2t5rgu-g,"Bituin ni Justin Gutang sa KBL, Muntik na maabot ng mga Pinoy background actors in Korea! üòÜ #Shorts","Apr 23, 2023",16,1696,5.2758,0:00:11,
nIblf4QcWYM,SUGARCANE - Tanging Ikaw (Lyrics),"Feb 24, 2025",184,1688,57.5706,0:02:02,
0sfAizDnspw,Leonora Lyrics - Sugarcane,"Sep 1, 2023",231,1673,57.3169,0:02:03,
ugvsxqTYZQk,Perfect first kiss song?? üíò #TangingIkaw out now on all platforms,"Feb 21, 2025",47,1662,10.171,0:00:24,
GWlM2f5BJ6A,Lyrics of Leonora by: Sugarcane #lyricvideo #lyrics #filipino #tagalog #tagalogsong #fyp,"Apr 7, 2025",29,1631,2.9232,0:00:19,
06uXoqP9ZvI,"SUGARCANE, angelica Gantang - sinehan (lyrics video)","Sep 24, 2023",195,1573,62.5652,0:02:23,
IeKZeYvbFC4,"""MARIA CLARA"" IS OUT NOW EVERYWHERE! STREAM ON SPOTIFY!!","Mar 7, 2024",15,1560,5.9715,0:00:14,
V3lve1EiH34,Having deep conversations with my favorite person + pizza at the beach = perfect!ü•∞,"May 30, 2025",39,1558,2.5666,0:00:14,
0HtfHD3pwdY,baka matunaw SI ate Yana nyan kuya miles üòÄüò≠,"Apr 5, 2025",12,1535,3.7989,0:00:17,
1TtU_hnJaFI,leonora - sugarcane (sped up),"Apr 30, 2023",193,1531,57.5996,0:02:15,
C9Idf-KZZHY,Bituin (lyrics) - Sugarcane,"Dec 12, 2022",205,1528,29.2067,0:01:08,
HDuowfkfF3E,The undying eagle of USeP #leonora #usep #Liyag,"Jul 7, 2025",10,1521,1.8559,0:00:09,
WMLYgs_Av_k,"""Leonora"" is out now on Spotify and Apple music!! ü´∂","Apr 14, 2023",24,1518,7.0559,0:00:16,
Wf4jqO8yaxM,"Congratulations in advance, Rainah Jenn #raincelmar #rainah #rain","Apr 16, 2025",21,1517,3.0779,0:00:14,
TvulSzUhNEk,Jos√© rizal and Leonor revera √ó leonora by sugarcane #gacha #lunimememes #history,"Apr 19, 2025",33,1516,12.6512,0:01:30,
FL8xI9gmREw,Dalangin - Sugarcane (Lyrics),"May 10, 2023",333,1512,53.336,0:02:06,
qLM-uTAi5kM,Reside (feat. angel),"Dec 18, 2020",279,1509,67.7308,0:02:41,
XqCXZYtbesg,Sugarcane - Leonora (8D Audio)üéß,"Jul 20, 2023",235,1491,63.3324,0:02:32,
OOWNBYF1TLg,MarNella For I Love You Since 1892 | Marlo Mortel and Janella Salvador #MarNella #ABSCBN #Kapamilya,"Sep 17, 2024",44,1478,9.7139,0:00:25,
jhwhcXiS5ao,leonora remix,"Aug 2, 2023",233,1478,37.2908,0:01:30,
yzror5KZZ6g,pasilyo #fypmusic #thesugarcaneph #fyp #fyp„Ç∑ #opm,"Apr 6, 2023",61,1456,13.7622,0:00:34,
C7MtYT6bTQU,"""Ano ang Lagi Nalang Niyo"" Episode 3: Career","Dec 18, 2024",1007,1454,35.938,0:01:28,
4fCNZvYj_yY,Lemon Ginger Sugarcane Juice | Juice Vending Machine #lemon #ginger #sugarcane #juice,"Jun 10, 2025",34,1438,2.1198,0:00:11,
eJVROVZMxSM,Leonora by Sugarcane | music cover #cover #music #piano,"Jun 21, 2025",17,1418,2.3369,0:00:13,
sbOHaxeyrAw,SUGARCANE - Leonora (Guitar Cover),"May 7, 2024",34,1418,6.6096,0:00:18,
5AGKZN097WA,leonora - sugarcane (cover),"Feb 2, 2024",232,1402,41.6896,0:01:47,
-8ny-Qnc0E8,Leonora - Sugarcane (Lyric Video),"Aug 30, 2023",235,1393,65.2712,0:02:48,
vb4SnYSNVP0,07/26/24,"Jul 19, 2024",40,1390,10.1129,0:00:26,
IEUn1NvFffw,rebonding great heaven's salon lifehomes Rosario pasig city 09153607060,"Jun 12, 2025",33,1372,1.7855,0:00:12,
2UliMTgqCjE,SUGARCANE - Maria Clara (Bass Playthrough),"Apr 5, 2024",213,1368,37.0992,0:01:37,
IXOhL0SinF8,this quick escape leaves a remarkable moment.,"Jun 9, 2025",18,1368,2.3213,0:00:11,
fXembEUribA,Thank you Angelo's Photographerüòò First time üòò,"Apr 16, 2025",40,1351,2.4803,0:00:14,
7jM0SpmKVUs,"Salamat sa 1.5M views sa Tiktok ü•∫ Dahil , ‚ÄúLeonora‚Äù Official MV is now out on our YT channel","Apr 15, 2023",57,1338,11.1261,0:00:29,
SMbtwgFtHbA,KUNG MAGING AKIN KA - SUGARCANE || COVER,"Jun 28, 2022",252,1321,31.9502,0:01:27,
qinWEmK1XmI,"April 1, 2025","Apr 1, 2025",18,1306,1.42,0:00:09,
Fu1KY0d_ih8,watching too much basketball shorts #skillstraining #r2ball #ryanrazooky #nba #mpbl #espn #shorts,"Aug 18, 2022",15,1304,5.5156,0:00:15,
l1RvadjgUnE,guys kahit Anong mang yari milmi parin Tayo guys stay strong #runcavmanagement #milmi,"Jun 22, 2025",15,1301,1.9372,0:00:09,
R1JS2dl6FHo,"June 17, 2025","Jun 16, 2025",15,1291,1.9969,0:00:16,
Z40WQbxLhvY,DJü§éTangingIkaw #danjoy @kalingapdan5934 @joyaquino111 #djwalangiwanan #onekalingaponefamily,"Apr 16, 2025",60,1289,8.8406,0:00:34,
daF8sdKw9PI,"PAALAM, LEONORA - Sugarcane (Lyrics)","Dec 21, 2023",234,1273,33.9541,0:01:36,
4HtFklkUtvI,POV: hinaharana ka namin  #leonora #leonorabysugarcane #OPM #joserizzal #leonorrivera,"Apr 20, 2023",42,1233,9.1264,0:00:26,
JD6kp_Z4ZuE,DJü§é #danjoy TangingIkaw   @kalingapdan5934 @joyaquino111 #djwalangiwanan #djinspire,"May 9, 2025",40,1230,5.5314,0:00:29,
YdQJJ_boUyQ,Dalangin Live Countdown,"Aug 1, 2021",3816,1230,62.5767,0:03:03,
ahJpLfpEX3k,SUGARCANE - Sinehan (Bass Playthrough),"Feb 11, 2024",115,1226,16.4825,0:00:48,
57C9oliaDL4,"#QCU: Alaalang Nilikha, Isang Gunita | Quezon City University","Jun 16, 2025",54,1224,2.3395,0:00:14,
7Jw1_PLgrkk,#jodistamaria #edit #loveteam #richardyap #becarefulwithmyheart,"Mar 3, 2024",20,1196,5.1409,0:00:15,
 -LY6fpUs2w0,quadro is backkk,"Jun 8, 2025",11,1174,1.8449,0:00:10,
oqtCIvtts1s,TIWALA NG TAGA HAWAK ANG SUSI SA PANALO! #basketball #ph,"Sep 14, 2024",21,1172,6.0037,0:00:18,
sI7-GRFMqpg,Leonora - Sugarcane (lyrics),"Oct 27, 2023",231,1171,42.1586,0:02:09,
CThJyLja-Ko,#yhanmae Nakakamiss kamich,"Jun 14, 2025",5,1155,0.9664,0:00:06,
PHzXELRKJoU,leonara- hirano to kagiura,"Nov 2, 2023",19,1135,4.3515,0:00:15,
_bE6_QsgYVw,I Love You Since 1892 feels üòç Leonora by Sugarcane #MarloMortel #JanellaSalvador #MarNella #AbsCbn,"Aug 21, 2023",32,1129,5.3759,0:00:17,
eQz7jsHkhHM,INSTA360 DADDYS GIRL  #travel #basilan #360camera #cabunbata #nature,"May 16, 2025",29,1129,2.5127,0:00:15,
_psRC1kPgvE,thanks for this paintingüíûüíû,"Apr 15, 2025",13,1124,1.6359,0:00:10,
qb3QPbqzBDQ,SUGARCANE - Leonora (Lyrics),"Aug 23, 2023",235,1120,38.2519,0:02:02,
Sg2yBTVD_AY,The Joyful Friars - Dalangin (The Original Soundtrack of TRES),"Nov 20, 2020",374,1113,77.4282,0:04:10,
yl6_h2PU5zE,SUGARCANE - LEONORA,"Aug 14, 2023",228,1111,34.3202,0:01:51,
cRmnbMYsM48,SUGARCANE|GUNITA|LYRICS,"Apr 15, 2023",326,1093,41.5059,0:02:16,
BUQ-8QlAdU4,Sugarcane - Gabi (Karaoke),"Mar 2, 2022",228,1089,44.3839,0:02:26,
SaV4P0OP1H4,Pinaguusapan na namin ilan magiging anak namin ü§≠ #TangingIkaw out now on all platforms,"Feb 21, 2025",42,1087,5.2677,0:00:19,
8yHMfJdvIVk,Leonora - Sugarcane.. Goyo and Remedios love story,"Jan 29, 2024",236,1081,42.2697,0:02:20,
iqnAlnL710E,Duck and wife's sugarcane loveü¶Ü,"Jul 2, 2025",39,1080,1.7879,0:00:16,
sZ4q95KDCLY,JAGGERY HOT HOT #youtubeshorts #food #cooking #love#trending,"Jun 14, 2025",19,1067,1.7727,0:00:16,
Y0BX1E8-MC4,ANG AKING MARIA CLARA #BUWANNGWIKAüáµüá≠‚ô•Ô∏èüíôüíõ,"Sep 12, 2024",19,1044,2.597,0:00:10,
IUwS-nOLWRo,"instrumental pa lang, ulam na #sugarcane #kungmagingakinka #opm #cover #shorts","Apr 18, 2025",56,1035,6.5317,0:00:44,
S1J_bLWU_4w,KUNG MAGING AKIN KA - SUGARCANE (LYRICS) Gino.Lyrics,"Oct 23, 2021",252,1022,44.8851,0:02:38,
o3tnIxLfONU,SUGARCANE - Paruparo (Teaser),"Jul 1, 2022",36,1009,6.849,0:00:24,
1InUaDEUPws,angelic goddessüòçü´†ü™Ωü§çüèÜü´∂ #beckyarmstrong #beckysangel #freenbecky #9entertainawards2025 #freenbeck,"May 25, 2025",60,958,2.0979,0:00:19,
Lh9ujwOxHRE,do you guys agree?,"Apr 3, 2025",15,958,1.3308,0:00:09,
QGkJr301sA0,"""Ano ang Lagi Nalang Niyo"" Episode 1: Friendship","Dec 4, 2024",760,958,41.431,0:02:35,
iCHON2j4RV8,Nightcore-Gunita by SUGARCANE #nightcore #sugarcane #gunita,"Oct 24, 2022",274,956,33.5296,0:02:06,
wg7Pt1v7-cM,Pre-save here ‚ú®sugarcane.lnk.to/presave_mariaclara,"Mar 3, 2024",21,950,3.748,0:00:14,
bndccgT5sJ8,KUNG MAGING AKIN KA - Sugarcane (Lyrics),"Dec 15, 2022",254,946,29.7214,0:01:53,
ga6PGcB_NO8,David Licauco,"Apr 20, 2025",25,943,5.8253,0:00:39,
2sbR8rENAyo,Gacha luck to everyone! üçÄ   #genshinimpact #skirk #5star #fyp #foryou #luck,"Jun 17, 2025",15,934,1.171,0:00:10,
DZTYvIkoFh0,Leonora #sugarcane #music #youtubeshorts,"Apr 13, 2025",61,934,2.3049,0:00:25,
mn3SS2tDQlQ,"tulad nga ng kanta, dumating na daw ang tinadhana kaso paano may Jackie si Roberto? #albertmartinez","Jun 19, 2025",27,926,2.9385,0:00:19,
EW0GQZssyJY,Maria Clara - Sugarcane (Cover),"May 19, 2024",275,920,23.5475,0:01:32,
gUuZ_Asu5Ig,Bituin (Live) | from Puhon by Ben&Ben: An FB Live Event For The COVID-19 Efforts,"Apr 4, 2020",197,919,27.8963,0:01:49,
rHF1yUUaZ5U,Sugarcane - Leonora (Unofficial Music Video),"Mar 8, 2025",241,914,28.0302,0:01:50,
njT7ZHs1B4Y,üö∂‚Äç‚ôÇÔ∏èüçΩÔ∏è #newmusic,"Mar 1, 2024",16,913,3.3043,0:00:13,
ux99nHwB7Tc,miss this my vrixianüò≠üò≠,"Jun 28, 2025",47,908,1.908,0:00:16,
Zw5dILw7Z2c,A tribute to Rizal & Leonor‚Äôs tragic tale #fypmusic #leonora #opm #fyp„Ç∑ #sugarcane,"Apr 16, 2023",16,903,3.7165,0:00:14,
S7cGi7x4e2g,one direction narry dancing #onedirection #1d #harry #niall #narry #shorts,"Jul 8, 2023",19,901,2.8088,0:00:11,
alPDhb6dwUY,leonora by sugarcane but it's slightly sped up,"May 12, 2023",210,887,31.1542,0:02:06,
zjIWgqkY3n0,Leonora - SUGARCANE (Mark&Music X Sab Cover),"Jul 2, 2023",229,882,10.2656,0:00:41,
hB7q5o_F_xA,LEONORA_Sweetmix DjDarwin,"Jul 13, 2023",230,869,19.742,0:01:21,
o02TdaKDfFg,LEONORA BY SUGARCANE,"Mar 19, 2025",46,865,3.1716,0:00:25,
ncZ1Rlj0j2M,MV LIVE COUNTDOWN!,"Jul 17, 2022",3681,864,34.4624,0:02:23,
K7NC0nyLZ5I,LEONORA by Sugarcane (Lyrics),"Jan 7, 2024",231,862,39.6464,0:02:45,
YlejK0U9OXU,Sugarcane - Leonora (Lyrics),"Nov 14, 2023",235,858,29.8358,0:02:05,
u7FaalynS8s,Leonora - Sugarcane Real drum cover,"Jun 16, 2023",60,856,8.4076,0:00:36,
ctJaDJZ8jy0,"Just in: Kathryn Bernardo also unfollowed Gillian Vicencio, Julia Barretto, and Liza Soberano","Jan 11, 2024",17,851,3.6761,0:00:15,
9edB5P1VvqU,[SONG COVER] SUGARCANE - KUNG MAGING AKIN KA,"May 10, 2023",248,846,25.018,0:01:46,
7XYLV0-E4Ws,Tayo magpahabol sa Alon #filipina #philippines #qatar,"Apr 6, 2024",7,841,2.1056,0:00:09,
_RZy1VQYsxQ,"June 5, 2024","Jun 5, 2024",16,834,2.585,0:00:11,
k2fPjWkV5Ts,Rizal Monument through the Years,"Sep 27, 2023",22,829,2.5524,0:00:11,
kG7vFUpFa4M,Leonora - Sugarcane (Lyrics),"Jul 24, 2023",230,823,30.7747,0:02:14,
MgdT-ksf8_c,Sundress + cardigan ‚ú®üíú #ootd #outfitideas #sundress,"Feb 4, 2025",16,819,2.6412,0:00:11,
jwDbiHGH-r0,Leonora - Sugarcane Real drum cover,"Jun 16, 2023",58,807,5.8411,0:00:27,
PcA6Ih63Hbs,Sugarcane,"Jan 12, 2025",7,806,1.805,0:00:09,
kVQbG_MovAk,LEONORA. (typography) (alight motion),"Jul 15, 2023",29,806,2.5777,0:00:12,
iIFSQ5nG1fk,DjBenjie_Leonora_Swete_mix[PMM],"Aug 17, 2023",229,796,7.1328,0:00:32,
gUv5IJOWUvk,sugarcane - paruparo (slowed & reverb),"Sep 10, 2023",330,795,41.7895,0:03:09,
rAfTnlQQojY,Tamang gaming lang sa gedli,"Apr 19, 2023",18,794,3.1819,0:00:14,
l55cSVKKPfs,LEONORA - Sugarcane ( Lyrics ),"Aug 19, 2023",235,793,31.6142,0:02:23,
F6wKLx75aOQ,Who remembers South Park In San Severo? #shorts #southpark #southparkinsansevero #sansevero,"May 2, 2025",19,786,0.5396,0:00:12,
acS5CAOtgN4,Leonora by Sugarcane | Official Music Video,"Mar 13, 2025",266,780,23.5057,0:01:48,
3cPdtYf4_Z4,SUGARCANE - Kung Maging Akin Ka (Lyric Video),"Nov 10, 2022",255,775,25.1013,0:01:56,
74eDn_7fEpQ,The most peaceful country!‚ù§Ô∏èüåø,"Jul 2, 2025",10,774,1.0568,0:00:08,
Q8xuSebKC00,Sugarcane - Leonora (lyrics),"Jan 5, 2025",233,774,8.0306,0:00:37,
WEaC88xt5B0,Leonora by Sugarcane #music #musiclover #musiclyrics #fyp,"May 3, 2023",34,757,5.8867,0:00:28,
vnqXkIdmRH0,Leonora Lyrics Sugarcane,"Aug 25, 2023",230,756,31.0275,0:02:27,
SAXoYYi2VN0,LEONORA/SUGARCANE...#lyricvideo #lyrics,"Jul 26, 2023",235,755,24.6505,0:01:57,
mOufxCWbUlI,Bad weather #ship #seafarer #ofw,"Jul 6, 2025",11,755,1.0968,0:00:10,
JGSVEw1XnXA,Kung Maging Akin Ka- Sugarcane (Digital Drums Cover),"Jul 25, 2023",247,743,23.5739,0:01:54,
Mu-S_pp6o_4,Leonora by: Sugarcane (Instrumental),"Oct 6, 2023",235,740,8.8012,0:00:42,
krGw2A5HAyU,"""Ano ang Lagi Nalang Niyo"" Episode 2: Relationships","Dec 11, 2024",1068,725,41.7852,0:03:27,
AIswb6DWHhw,House of Jose Rizal #philippines #followme #travel #philippines #dapitancity,"Jul 21, 2024",19,719,3.845,0:00:20,
KIQThP5VLQQ,MarNella For I LOVE YOU SINCE 1892 #MarNella #AbsCbn #JuanitoAlfonso #CArmelaIsabella #ILYS1892,"Sep 12, 2024",46,717,4.5487,0:00:24,
Bm0YvaU3Fb0,Leonora (Sugarcane),"May 27, 2024",31,715,2.9033,0:00:18,
GMdKTdK2EgU,Kung Maging Akin Ka - Sugarcane ( Lyrics),"Oct 30, 2022",250,712,25.1941,0:02:07,
xA4Bqf3-HJ4,ABSCBN MarNella For I Love You Since 1892 #MarNella #MarloMortel #JanellaSalvador #iloveyousince1892,"Sep 12, 2024",61,710,4.2324,0:00:21,
cvYuGRhUkRI,"Leonora - SUGARCANE | Cover by Alan Placina (Music ""COVER"" Video)","Nov 18, 2023",254,702,17.3455,0:01:28,
Gtu0p1RY8gk,Leonora by Sugarcane (slowed+reverb) #music #musicvibes #philippines,"Jun 5, 2024",36,701,7.4903,0:00:48,
Tcr5y7TfeSI,Leonora by Sugarcane (Lyrics),"Aug 4, 2023",214,691,19.5022,0:01:41,
qs3XNrNZp3g,"SUGARCANE ‚Äî Paruparo, (sped up)","Nov 19, 2022",269,684,28.5219,0:02:30,
6DWe03cBwEM,NAKARANAS NADIN BA KAYONG SUMAMA DITO? #MAHALNAARAW #VIRALSHORT,"Apr 18, 2025",13,677,2.0602,0:00:20,
Om6JXGQNGAw,DJ LEYNARD Leonora sweet,"Aug 19, 2023",214,675,6.5954,0:00:35,
aLgOZ8BITj8,SUGARCANE - Leonora [Lyrics],"Jan 31, 2024",232,671,16.354,0:01:27,
TjhKMECP95E,kung maging akin ka „Éº sugarcane ( sped up ),"Jul 21, 2022",194,670,28.6564,0:02:33,
D4WRmTJ-qE4,"[Pinoy Harmonica Player] ""Leonora"" by Sugarcane","Jun 12, 2024",234,653,12.4438,0:01:08,
h_6asL5GQo4,Comfort?...#Leonora#animation#animationmeme#,"Mar 25, 2025",23,650,2.7242,0:00:25,
oQwvjcbkKGg,patawad ibarra sa pagkat Ang iniibig ko ayy Isa ring Maria Clara,"Apr 29, 2025",25,650,1.2612,0:00:10,
NUhXLp27WRY,Leonora - Sugarcane (Lyrics Video),"Nov 18, 2023",228,649,20.6398,0:01:54,
oSyM0N4qNt4,up till sunrise. #minecraft,"Jun 10, 2024",41,648,3.4004,0:00:19,
jEYF9mHz3IQ,Malay Dyosa Nga Yung Ganda Ni Mikha ....,"Mar 10, 2025",38,639,2.758,0:00:15,
5IlfB3bjZ24,Leonora- Sugarcane #lyrical #sugarcane #edit #fyp,"Jun 27, 2023",39,638,5.5795,0:00:35,
TfDP3NngQgQ,SUGARCANE - Maria Clara Lyrics @thesugarcaneph,"Mar 9, 2024",274,622,17.3953,0:01:40,
Qs5APTrbef4,Filay ‚ú®Ô∏è | Leonora - Sugarcane,"Apr 27, 2024",61,620,4.0339,0:00:24,
_i92nKCyA0U,How to have iOS 16.4 Emojis on Higher Android Version,"Aug 3, 2023",61,619,4.0409,0:00:23,
zcypnWNm-FI,nvm #roblox #evade #viral,"Jul 22, 2024",22,619,2.803,0:00:16,
m3WIb1l_cJA,National teams are not league clubs. I'm not a football fan. This is just the actual protocol.,"Nov 11, 2024",3,617,1.0562,0:00:08,
7ZCSZCIjSVU,Full list of all the songs is on my TikTok #18rosessongs #18debutsongs #filipinodebut #18roses,"Nov 26, 2024",61,616,2.3392,0:00:13,
MUfNvOeZ-B4,"""ùêèùêÄùêÜùêÅùêàùêÜùêòùêÄùêç"" ùêåùêîùêíùêàùêÇ ùêïùêàùêÉùêÑùêé, ùêéùêîùêì ùêçùêéùêñ","Jul 26, 2024",37,616,2.719,0:00:17,
rnqCSW2-49c,Ang ganda ganda ni colet #binicolet,"Mar 4, 2025",21,616,2.3835,0:00:14,
v78h6W_gDqI,Shorekeeper & Rover edit || Leonara || Wuthering Waves,"Mar 21, 2025",39,612,2.5629,0:00:16,
ZsIywZOl9gA,Follow the flow and discover hidden paths. #River #KDRAdventureCamp #KDRAC #OraniBataan #Bataan,"Jan 8, 2025",15,609,2.2218,0:00:13,
DH0lRae4xS8,STAY STRONG MOMMY SABBBY #yabby #fyp #onlycontent#yabby,"Jul 29, 2023",22,602,1.7275,0:00:10,
nfEKfrEaxEE,4 June 2025,"Jun 4, 2025",21,601,0.3882,0:00:06,
oa5ZANP4Vi4,TANGGOL & BUBBLES X LEONORA #tanggol #batangquiapo,"Nov 15, 2024",23,599,1.3664,0:00:08,
rEeokA0P66U,Leonora - Sugarcane -Lyrics-,"Nov 22, 2023",235,597,19.2939,0:01:56,
ujGGEZuc8ck,"Leonora""Sugarcane""Lyrics Video Please subcribe and likeüíìüíê","Jun 7, 2023",37,588,3.8452,0:00:23,
xvfivbHmG5E,Infinix Hot 50 Pro+ look and design,"Jan 29, 2025",13,587,2.0169,0:00:12,
IGSNkDOQOEs,Leonora - Sugarcane #bassguitar #bassguitarcover #bassmusic #,"Jul 29, 2023",58,583,2.8508,0:00:18,
7UtOdceY7lg,"SUGARCANE, JC Herrero - Paruparo | MV Teaser","Jul 11, 2022",16,579,2.4277,0:00:15,
eMH9rjI1U6c,Leonora - SUGARCANE (Cover By: Jay Halasan),"May 20, 2023",231,574,8.7486,0:00:54,
S8IwHxtR96s,Leonora with Ashdres muhlach fam,"Apr 4, 2025",29,568,0.7194,0:00:13,
bMC0wQFJ-ic,"GMA Anchor Mike Enriquez Pumanaw sa edad na 71 Ngayong August 29,2023","Aug 30, 2023",16,567,2.2258,0:00:14,
cqcYn-Ev5Y8,Leonora - Sugarcane,"Sep 2, 2023",30,565,3.8991,0:00:27,
D6GLr8oFgPY,LEONORA song by SUGARCANE,"Dec 30, 2023",229,563,27.7289,0:02:57,
ODHpHBgb_uQ,your smile.ü§ß #nanonkorapat,"Jul 5, 2025",31,561,1.4804,0:00:16,
ueABMEVUva8,"February 24, 2025","Feb 24, 2025",22,557,1.9347,0:00:12,
kBFtBxkhr8s,Leonora by Sugarcane (Banduria Cover by Ma'am Danna),"Nov 12, 2023",231,550,14.1724,0:01:32,
un7caGj-l0k,AH ok sya pala #shorts #fyang #batangas #triciaslipa,"Oct 18, 2024",34,547,2.8268,0:00:18,
xyA-2tXfZNk,Naglandang sad mo?üçåü•• #binignit #landang #filipinofood #cooking #cooking  #2024  #holyweek,"Mar 29, 2024",40,541,2.0229,0:00:13,
xDIAd3A9-Vw,Leonora|Sugar Cane|(Bass Cover),"Jun 12, 2023",231,534,7.2783,0:00:49,
noNts7tUa4o,#youtubeshorts  #fyp #life  #motivational #dailyvlog,"Feb 24, 2025",32,532,1.7296,0:00:11,
3LbCkBrnxBI,Leonora // Sugarcane #electricguitar #electricguitarist #guitar #music #leonora #sugarcane #viral,"Aug 15, 2023",46,529,4.1719,0:00:28,
qn2Pb-mhHFM,#fyp„Ç∑„Çöviral ##roblox #evade random post lol.,"Sep 25, 2024",22,522,1.7147,0:00:11,
ELbHAbrbkg0,so closeüëå#valorant #gaming #madixru,"Mar 25, 2025",55,521,3.5005,0:00:24,
1dVOrXQfjxc,"December 20, 2024","Dec 19, 2024",24,517,1.3853,0:00:09,
kl8O94Adgok,whiffing each other #valorant #madixru,"Mar 24, 2025",49,516,4.2064,0:00:29,
toDiMsUwlLg,sketch taehyung  with me in my own art style üñäÔ∏è #taehyung #bts #traditionalart #lyka_art,"Aug 8, 2024",17,516,1.714,0:00:11,
ZBo3UTX-E0Y,#pov : eme na sa MV ka ng Leonora #sugarcane #leonora,"Dec 15, 2024",48,515,2.6041,0:00:18,
yCfjCscMh60,"PARU - PARO , SUGARCANE ft. Jc Herrero ( kay gandang pagmasdang paru paro )","Jul 13, 2022",347,515,9.5143,0:01:06,
d7tgBM4bbAc,Kung Maging Akin Ka- SUGARCANE (lyric Video),"Aug 31, 2022",255,514,20.0512,0:02:20,
9kxLZM4WHN4,LEONORA ...........................................Ang dating tamis ng pagsasama nasan na?,"Apr 13, 2025",21,513,0.7791,0:00:19,
h3rknlywKP4,"Pakinggan nyo na rin ""Leonora"" maganda promise :))","Apr 18, 2023",28,512,2.7833,0:00:19,
16nTvJexsEA,Catchy Bride‚Äôs Vow to Groom,"Aug 23, 2024",52,509,2.2011,0:00:15,
4HpDq1nOMEw,Vintage video [copyright free],"Jan 15, 2025",38,503,1.7898,0:00:12,
jnBRhAsiGHI,Bestie.,"Feb 1, 2025",27,503,1.5487,0:00:11,
xm2b17X6zVw,#trending #viral #viralvideo #shortvideo Sugarcane,"Apr 17, 2024",9,501,1.475,0:00:10,
ZTLEykZ6PeU,leonora - sugarcane (electric guitar cover),"Oct 25, 2023",55,494,2.8978,0:00:21,
2BQw2cU_-kA,"June 20, 2023","Jun 20, 2023",29,476,1.9408,0:00:14,
5reRKnU38TI,Sugarcane - Leonora üíî // #lyrics #musiclover #aesthetic #music #shortsviral  #shorts #leonora,"Feb 17, 2024",32,476,1.6415,0:00:17,
RFHtbG9O2wQ,Yung thumbs up ni Juanito üòç #MarloMortel #JuanitoAlfonso #JanellaSalvador #MarNella,"Aug 15, 2023",53,474,3.0157,0:00:23,
Wu6oCaerFv4,Sugarcane plants!!!,"Feb 23, 2025",16,471,1.8383,0:00:14,
m6x1QmshAss,Phillipine Sugarcane Industry,"Jul 22, 2024",61,453,1.8091,0:00:14,
na1eeEZs2BU,very sad,"Jul 30, 2024",21,453,1.7214,0:00:13,
i135aa9xQgs,Minecraft But I Touch The Color Green I Die #roadto400subs,"Jun 7, 2024",52,450,2.9071,0:00:23,
pZ41kUoDbLU,Leonora - Sugarcane Real drum cover,"Jun 16, 2023",59,447,2.5828,0:00:21,
vkbnKN7IdYg,Celebrating Aspins Day‚ù§Ô∏è #subscribe,"Aug 18, 2024",15,447,1.2882,0:00:10,
3cQYRWQ5Zw0,deep. #conversation #friendship #youtubeshorts #ytshorts #gunita #sugarcane #fyp,"May 24, 2024",36,442,2.0148,0:00:16,
ohEj0FOL9DM,Intramuros -coffee painting,"Apr 17, 2025",41,442,0.6877,0:00:16,
HXy8WnUZ2wI,REYNA ELENA 2024 #floresdemayo,"May 30, 2024",53,440,1.4658,0:00:12,
_JpijyqmPsE,saming bakuran #haranaü•∞,"Oct 13, 2024",61,438,3.6788,0:00:30,
bBI_xl7ZaCE,#sorts #gaming #games,"May 10, 2024",13,436,1.8029,0:00:14,
5lL7E7smQlQ,"Buenafe Olarte s place, Sitio Blah, Salangsang","Jul 12, 2024",61,434,1.7549,0:00:14,
TOqsnewzCLk,"March 4, 2025","Mar 4, 2025",16,434,1.4592,0:00:12,
jG9VD3ZOrU4,"July 23, 2024","Jul 23, 2024",15,431,1.2523,0:00:10,
kNFTfCZYZ-g,PUHON BY BEN&BEN: SUGARCANE FB LIVE EVENT FOR THE COVID-19 EFFORTS (REPLAY),"Apr 1, 2020",2700,431,10.8583,0:01:30,
rWhupelw-pw,"July 29, 2024","Jul 28, 2024",15,431,1.5739,0:00:13,
9UTTGhomYuA,So asan na ü§≠üòÇ #youtube #youtubeshorts #shorts #shortvideo,"Jun 25, 2024",12,428,1.1642,0:00:09,
n7vqE4bfbrI,Bago lang sa tattoo industry ü§©ü§©ü§© #bangbangtattoo #inkangels #tattooideas #tattooartist #koreatattoo,"Nov 28, 2024",33,426,1.9575,0:00:16,
4EZb3C_ZaUw,Sino di pa rin maka-get over sa Filay? üôå,"Apr 27, 2024",61,422,2.0658,0:00:17,
KlY2WbRoWVw,"August 2, 2024","Aug 1, 2024",61,420,1.4615,0:00:12,
m0tNANPxAKs,I love my countryside life. #youtubeshorts  #fyp #life  #motivational #dailyvlog,"Feb 27, 2025",30,419,1.9882,0:00:17,
Ow_fH0cY7qQ,Maria Clara,"Apr 29, 2024",39,416,1.7534,0:00:15,
eWcwTq5NDdM,Alone and happy. #youtubeshorts  #fyp #life  #motivational #dailyvlog,"Feb 28, 2025",28,416,1.343,0:00:11,
zeEHd4bsKKA,paruparu at bubuyog sa patula,"Aug 1, 2024",28,416,1.5199,0:00:13,
3hmz0kL295A,"August 6, 2024","Aug 6, 2024",61,415,1.1791,0:00:10,
3q1AFeAlmjE,"February 12, 2025","Feb 12, 2025",61,413,2.554,0:00:22,
D98SmJHZuxw,SunWonnn #subscribe #share  (not shipping) #cute #jungwon #sunoo#enhypen,"Jan 5, 2025",18,413,1.1621,0:00:10,
L42ydWGus5c,luto ni Mrs. healthy ginisang gulay ‚ô•Ô∏è #food #greenfood,"Apr 29, 2024",16,413,1.1848,0:00:10,
iGooRaOeLa0,NOLE METANGERE,"May 22, 2024",60,413,1.0434,0:00:09,
3KAB-etwRf8,"PARUPARO-Sugarcane, Jc Herrero (lyrics)/cover","Apr 8, 2023",54,411,2.9359,0:00:27,
Y_uu78IA5Jw,"Communal Ranch, Impasug-ong Bukidnon, Philippines #bukidnon #communalranch #philippines #travel","Jan 11, 2024",16,411,1.4494,0:00:14,
8mhSSfXi_zU,Edge Creasing the Body of the Wallet #leather #leathercraft #leatherwork,"Nov 26, 2024",46,410,1.978,0:00:17,
bvl9U7dU1-w,"January 17, 2025","Jan 17, 2025",61,409,1.9352,0:00:17,
zjv4TJ1z2aA,nasan na? | leonora by sugarcane #preset #edit #lyrics #leonora,"Aug 24, 2023",20,409,1.4485,0:00:13,
-6S3oCIbmec,"January 17, 2025","Jan 17, 2025",61,408,2.4594,0:00:21,
iOBoeVa0Rj4,"January 13, 2025","Jan 12, 2025",61,407,3.2059,0:00:28,
Z4rmB8FnfKQ,"February 26, 2025","Feb 25, 2025",61,406,1.8754,0:00:16,
WpPN4tiwd58,"October 29, 2024","Oct 29, 2024",14,404,1.128,0:00:10,
Lo2cCPQMwWY,Wait til end para sa pasabog üí®,"Apr 19, 2023",30,403,2.7372,0:00:24,
2W0Cl-0HAss,"August 5, 2024","Aug 4, 2024",61,402,1.4247,0:00:12,
ufg3LAPBWTQ,"August 12, 2024","Aug 12, 2024",61,402,1.2921,0:00:11,
kfqkL_QZI9w,"April 5, 2025","Apr 5, 2025",23,398,0.458,0:00:14,
PSe9lmaaT5I,SUGARCANE is live!,"Mar 7, 2024",16,394,1.0455,0:00:09,
QSdwUD4-cC4,Leonora - Sugarcane                          #reels #shorts #sugarcane,"Dec 18, 2023",54,394,3.0735,0:00:28,
tfTLLzcmC-E,ito po ang manga damit ni jose rizal noon #video #viral #trending #shorts #short #viralvideo #love,"Jul 26, 2024",12,392,1.0942,0:00:10,
x_b05f6d0Hs,Kilig talaga sa kantang ‚Äòto RRAAAH #kungmagingakinka #sugarcane #opm #cover #shorts,"Apr 23, 2025",46,389,0.3783,0:00:08,
ua4xV5PCVOs,!! Just got scammed üòî !! Btw Would yall like a inv tour? for when i started playing in adm to now?,"Mar 21, 2025",15,386,1.3461,0:00:12,
TZ_SpZcpD5w,MARNELLA - I Love You Since 1892 Live Adaptation / Serye #MarloMortel #JanellaSalvador #MarNella,"Jun 29, 2025",29,384,1.4134,0:00:25,
aSBuNikqC6w,#leonora #fyp #fypyoutube #ibongadarna,"Apr 4, 2025",34,373,0.5372,0:00:20,
6q3Y58Di7Dk,I-flex mo na yan! #fypmusic #leonora #opm #fyp„Ç∑ #sugarcane,"Apr 8, 2023",56,369,2.3754,0:00:23,
huxfpAHY6k8,Ang Aking Maria Clara #honkaistarrail #hsr #hoyoverse #firefly,"Apr 14, 2024",57,367,1.5074,0:00:14,
4IuUQQH0uek,Marlo Mortel and Janella Salvador aka MarNella #abscbn #marnella #marlomortel #janellasalvador #fyp,"Oct 5, 2024",12,357,1.2858,0:00:14,
4S4RDGHaUGs,Leonora by Sugarcane #FranSeth | #FRANSETHCloudies #Francinediaz | #Sethfedelin,"Jan 24, 2024",17,356,1.3606,0:00:14,
i5zCOe9TxZ4,MarNella For I Love You Since 1892 #MarNella #AbsCbn #Kapamilya #KapamilyaChannel #Trending,"Sep 12, 2024",30,342,2.1347,0:00:25,
8JOAHzdi6FE,Leonora - Sugarcane #shorts,"Jun 9, 2023",32,336,1.5576,0:00:18,
Asnm-51CDm8,ILYS1892 Vibes,"Apr 3, 2025",23,334,0.2344,0:00:12,
PgC6PZ2ZYKo,"July 31, 2021","Jul 31, 2021",25,328,0.9984,0:00:10,
2A0NPOCvMZc,In my heart you always here with me Forever and ever my Mama Mia i love you and i missed you so much,"May 26, 2025",38,327,0.5965,0:00:26,
h4OUn41nr_g,Pangarap ko na mag spend ng time with you,"Nov 29, 2024",47,320,0.9281,0:00:10,
5EzX3Cx_kH0,"LEONORA #Credit to music Creator ""SUGARCANE""","May 7, 2023",27,312,1.3606,0:00:17,
e01ZRR5ZVAU,"March 19, 2025","Mar 19, 2025",61,309,1.1772,0:00:13,
06vdCw7i458,Unleashing the purr-fect squad flex! #shorts,"Dec 4, 2023",23,308,1.7741,0:00:21,
IaDPlZ0OrNQ,Leonora//Sugarcane,"Jan 4, 2024",21,306,2.1267,0:00:34,
gPToJDG9nF8,MarNella For I Love You Since 1892 #MarNella #AbsCbn #KapamilyaChannel #KapamilyaOnlineLive,"Sep 12, 2024",46,301,2.5926,0:00:34,
bu6ZF-FdCHs,Leonora - Sugarcane (Lyrics)      #trending,"Jul 28, 2024",61,300,1.3506,0:00:19,
rlzCx4Y_w-s,Set You Free,"Dec 7, 2023",278,291,15.9143,0:03:16,
5E65rwPLFIE,LEONORA (Official Lyrics) Sugarcane,"Oct 4, 2023",61,290,0.8563,0:00:14,
SLMI95e-B6E,"Paalam, Leonora ‚Ä¢ Sugarcane  #sunset","Apr 23, 2024",44,290,1.5989,0:00:22,
Mt13q1wA8fo,Leonora Lyrics,"Dec 21, 2023",16,289,0.6243,0:00:11,
YGATjZL8GRA,"#fyp„Ç∑ #subicbay,ü´∞üèªü´∞üèª#olongapocity#subiczambales #subicbayfreeportzone","Jun 14, 2024",37,260,0.6806,0:00:09,
6d3MYaltnAM,LEONORA #youtubeshorts  #youtube #subscribe #leonora #sugarcane,"Oct 24, 2023",11,252,0.6943,0:00:11,
9httTaEVL08,paru-paro #butterfly #paruparo #probinsya #probinsyalife #naturelovers,"Aug 26, 2023",22,251,0.7859,0:00:14,
S_L9PIxNeKk,Wild Rift - Leona de Leonora #lol #wildrift #lolmobile #viralvideo #gaming,"Sep 26, 2023",17,250,1.2673,0:00:18,
hh_Zp-n-WSA,ùöùùöëùöíùöú ùöúùöòùöóùöê ùöíùöú ùöåùöäùöïùöïùöéùöç ùöïùöéùöòùöóùöòùöõùöä,"Apr 10, 2025",30,250,0.2854,0:00:13,
gPs-S4qrI7k,Tanging Ikaw,"Jul 3, 2025",177,249,8.355,0:02:00,
7ho6MI-KNEk,"December 4, 2024","Dec 4, 2024",61,246,0.9884,0:00:14,
WnI7Dbj_RU4,"February 4, 2025","Feb 4, 2025",61,246,0.8809,0:00:12,
JnB68-f1tm0,"April 8, 2025","Apr 7, 2025",61,243,0.2382,0:00:12,
yGAtNvPvWY8,SAYAWAN | Jover‚Äôs Digest,"Apr 8, 2025",39,241,0.3723,0:00:13,
jGCrlJH9ho8,‡¥ö‡µÇ‡¥ü‡¥æ‡¥Ø‡¥æ‡¥≤‡µç‚Äç ‡¥®‡¥ø‡¥±‡¥Ç ‡¥Æ‡¥æ‡¥±‡µÅ‡¥®‡µç‡¥® ‡¥∏‡¥ø‡¥≤‡¥ø‡¥ï‡µç‡¥ï ‡¥ï‡µç‡¥∞‡¥ø‡¥∏‡µç‡¥±‡µç‡¥±‡µΩ. ‡¥à‡µº‡¥™‡µç‡¥™‡¥Ç ‡¥µ‡¥≤‡¥ø‡¥ö‡µç‡¥ö‡µÜ‡¥ü‡µÅ‡¥§‡µç‡¥§‡¥æ‡µΩ ‡¥µ‡µÄ‡¥£‡µç‡¥ü‡µÅ‡¥Ç ‡¥á‡¥µ ‡¥™‡¥¥‡¥Ø ‡¥®‡¥ø‡¥±‡¥Æ‡¥æ‡¥ï‡µÅ‡¥Ç.,"Feb 6, 2023",17,237,0.6532,0:00:09,
7elzX5yWXdU,Yung Ginawa Muna Yung lahat pero sa iba paren bagak ouch painüòî #uniworld #cinessa02,"Aug 10, 2023",12,235,0.7919,0:00:12,
9NTi_6Tl3Fg,‚ú®Ô∏è|| Jose rizal Part || Part of our Noli Me Tangere Trailer Film ||‚ú®Ô∏è,"May 15, 2024",58,230,1.3355,0:00:22,
HRiHvhhCP0w,Cara kerja paru2,"Sep 29, 2022",21,230,0.7901,0:00:12,
YTb_A7iiARQ,LEONORA (SHORT LYRICS) - SONG BY SUGARCANE,"Oct 24, 2023",61,230,1.3167,0:00:22,
0cUdleQYGHc,"September 8, 2024","Sep 7, 2024",61,229,0.6497,0:00:10,
AceSgXBjiDg,#franseth lagi nila suot Ang couple necklace nilasan man Sila mag puntah#sethfedelin@FrancineCDiaz,"Jul 3, 2023",23,229,1.0859,0:00:18,
dulRgx_dfmg,"May 27, 2025","May 27, 2025",11,221,0.1354,0:00:08,
